mirna_id	baseMean	log2FoldChange	lfcSE	stat	pvalue	padj
hsa-let-7d	2057.871381366492	1.5741726997697978	0.2696353857253357	5.8381532362125865	5.27826015642119e-09	2.4405900172809903e-08
hsa-let-7e	3450.9321928619133	-1.40984664310441	0.2973262189358892	-4.741750149550072	2.1187982951810336e-06	6.979570854713992e-06
hsa-let-7g	8909.449611100532	3.188154617809406	0.1836053520820873	17.364170388584462	1.541112864520314e-67	1.941802209295596e-65
hsa-let-7i	5286.326842193482	4.193394746103301	0.3193352997492892	13.131635460895003	2.1692049893001503e-39	7.809137961480543e-38
hsa-mir-101-1	6449.300093185699	-1.4481912114800848	0.3207713167546248	-4.514715424471334	6.340184460540874e-06	1.936638162492485e-05
hsa-mir-101-2	6547.154505306745	-1.390665102246818	0.3224571136520974	-4.31271336053458	1.6126313368916734e-05	4.671070079272433e-05
hsa-mir-103a-1	17993.31304759911	-2.550439449819799	0.1833176692054464	-13.912676616903145	5.305615575072946e-44	2.4309365907606963e-42
hsa-mir-103a-2	18252.27691353923	-2.469832326197149	0.184156735160214	-13.411577502437945	5.172671343865554e-41	2.0054048902371075e-39
hsa-mir-105-1	46.81726700505164	-5.346995032816156	0.9355221047730934	-5.71551971410985	1.093692401266764e-08	4.8352716687583255e-08
hsa-mir-105-2	48.169108245735615	-5.314924231288394	0.9118612403884648	-5.828654619670169	5.587601120882472e-09	2.5370729413736627e-08
hsa-mir-106a	77.00214428473684	1.6429985329152093	0.3266017548360989	5.030586972013447	4.889805109325955e-07	1.7858418660146964e-06
hsa-mir-106b	1156.2731333489255	2.068514322501774	0.3574672708653449	5.786583810860175	7.18322551779123e-09	3.2324514830060535e-08
hsa-mir-107	783.2204670826611	2.0036759323406046	0.2792217074880168	7.175931808334046	7.181634605096141e-13	4.826058454624607e-12
hsa-mir-10a	1229.5833203896875	4.070301441716164	0.7983104128246932	5.098645058773637	3.4209332534104337e-07	1.2677576174403371e-06
hsa-mir-10b	7776.371894350232	6.366310273346637	0.518179164180625	12.285924856537637	1.0780502187642944e-34	3.19610182504238e-33
hsa-mir-1224	35.38330331065358	-7.021451006851685	0.9079004308554288	-7.733723620150763	1.0444565501566691e-14	8.225095332483769e-14
hsa-mir-1228	10.37938871424926	1.796009343532548	0.5473860138336392	3.281065460467517	0.0010341573983231	0.0021627192064518
hsa-mir-1229	2.8210868524676105	-3.9937996259795576	0.9182064458061552	-4.3495660961878055	1.36407166060014e-05	4.020421736505676e-05
hsa-mir-124-1	265.8749790844247	-2.682972835117912	0.6783453750264797	-3.955172297022265	7.647951424031584e-05	0.0002018098176812
hsa-mir-124-2	265.8283656321541	-2.6640663459282075	0.6631414533525811	-4.01734250280953	5.885814755454718e-05	0.0001594865933736
hsa-mir-124-3	267.0083352677576	-2.660383558040152	0.6694104388180069	-3.9742188107159646	7.061062697896418e-05	0.0001882950052772
hsa-mir-1243	0.9819464118464876	-2.277077121999431	1.0488307718052967	-2.171062466140289	0.029926450790519	0.0455684223945652
hsa-mir-1247	4.018247555619776	-2.578260236477398	0.6774659291289403	-3.805741551892397	0.0001413799563727	0.0003562774900594
hsa-mir-1248	3.423608082498453	2.8674482253500946	1.0754810575216314	2.666200585585322	0.0076713906460228	0.013518814285299
hsa-mir-1249	36.98596272458579	-2.6579833445121626	0.5702413163681027	-4.66115531831506	3.1443931376607195e-06	1.0030216084689893e-05
hsa-mir-1251	8.729399673432157	-5.58419708022782	0.8093469780798079	-6.8996329528238185	5.213707325422624e-12	3.1659138457987976e-11
hsa-mir-1258	5.60936004790742	-5.365015605367312	0.9389448812659366	-5.713877046897478	1.1043080098971953e-08	4.8397498868537936e-08
hsa-mir-125a	6703.847004875638	2.6017003282114524	0.2264232454215838	11.490429453774825	1.4737744214332454e-30	3.5370586114397893e-29
hsa-mir-125b-1	16512.741415850833	3.2097082274040925	0.3424228323407124	9.37352280355656	7.015116831161313e-21	1.1405222202920328e-19
hsa-mir-125b-2	16466.361695770443	3.0988953315149126	0.3396196007780637	9.124606837813207	7.199710842533008e-20	1.0995922014050412e-18
hsa-mir-1264	2.0624504909989345	-3.8717394679852455	1.0324725676727766	-3.7499683664354	0.0001768568794413	0.0004326983846527
hsa-mir-1266	1.563769454234563	-3.711597030072716	1.1178150341917856	-3.3204035699486845	0.0008988740594842	0.0019196293473732
hsa-mir-1269a	1.392910941250487	-3.951076414082041	1.248654042516704	-3.164268307752013	0.0015547339504797	0.0031754422635465
hsa-mir-127	3558.078945549048	-3.965503834564291	0.4752641670298694	-8.343788801386887	7.194743490191503e-17	7.252301438113035e-16
hsa-mir-1270	3.8861098076531553	-1.9365859828041527	0.8644643343582034	-2.2402150162064416	0.0250769672666759	0.0389908497983626
hsa-mir-1271	107.1689542495835	3.629210139858333	0.4159262601327062	8.725609531603968	2.647507100452733e-18	3.1031246014608774e-17
hsa-mir-1276	2.940998809499668	2.2040502849726047	0.8584396020084292	2.56750769630845	0.0102432515518272	0.0175598598031323
hsa-mir-1277	1.3458565628563235	-2.1721004471997296	0.870204152477228	-2.496081455157812	0.0125573762303554	0.0211669485622044
hsa-mir-128-1	4428.669080699597	-1.5835889270905386	0.6206384320403197	-2.55154828534315	0.0107245462467719	0.0182607138796387
hsa-mir-128-2	3139.5244752619137	-1.841569778381586	0.6191707514419162	-2.9742518910865283	0.0029370386629868	0.0057374708765324
hsa-mir-129-1	985.8788492530324	-4.867198778447641	1.0156050647949708	-4.792412865162528	1.6478734881213911e-06	5.464001565876192e-06
hsa-mir-129-2	1138.869844378661	-4.59056856016942	1.013411673099773	-4.529816146806377	5.903503584739086e-06	1.8142474431149382e-05
hsa-mir-1292	4.546791206980766	1.594689127193205	0.6556914911926052	2.4320723215314315	0.0150127093588408	0.0246462720418755
hsa-mir-1296	77.6775505679124	-1.6187417650012423	0.5172769755228502	-3.129352052379791	0.0017519227049654	0.0035038454099309
hsa-mir-1298	46.79386859679582	-5.637165644351123	1.0359062286507807	-5.441772129986386	5.2753128724397264e-08	2.1270061501676974e-07
hsa-mir-1307	881.7729290989029	-4.777731616358287	0.2294628714778945	-20.821371168182885	2.771408011484624e-96	4.6559654592941693e-94
hsa-mir-130b	194.8801966167628	3.6928149246556674	0.4126019421585522	8.950066752804121	3.5526745358008706e-19	4.711968331693786e-18
hsa-mir-132	1101.6679805587908	-2.4676433020094284	0.3596508176403939	-6.861219774778224	6.8275028224141875e-12	4.048307555878531e-11
hsa-mir-133a-1	9.245405111296728	-2.0474716928112056	0.5095537282939716	-4.018166444716854	5.86527620187061e-05	0.0001594865933736
hsa-mir-134	743.6914508018313	-4.868580272494084	0.570053892900079	-8.540561398021126	1.3357129509594689e-17	1.402498598507442e-16
hsa-mir-1343	5.298608434177421	-2.118452248500832	0.5778896547790484	-3.6658421395531047	0.0002465259705977	0.0005855791914983
hsa-mir-135a-1	110.2428474656868	3.8481302749862207	0.5457327738004895	7.051308735203489	1.7724273648074256e-12	1.1307637871682815e-11
hsa-mir-135a-2	178.24985479932946	4.196569060489496	0.5790106705944331	7.247826808064087	4.235116602932797e-13	2.9202730893438435e-12
hsa-mir-135b	192.0733692750568	7.884930348378691	1.1485099388420137	6.865356651879461	6.632533686380853e-12	3.979520211828512e-11
hsa-mir-136	221.1749226518285	-3.0745689947654764	0.4335350813851724	-7.0918574454044885	1.3232378378824901e-12	8.661193120685389e-12
hsa-mir-137	378.5345917967973	-3.466100852513142	0.95374474011152	-3.6342018013204	0.0002788425535283	0.0006536588231547
hsa-mir-138-2	74.14495671207634	-2.250470912774124	0.8472848151094361	-2.6560973035772526	0.0079050801346362	0.0138820919437515
hsa-mir-139	2008.168828701381	-4.091957525930257	0.9004936454648789	-4.544127042471009	5.516338230544518e-06	1.7056653179106974e-05
hsa-mir-141	1.4419782544391349	-2.678717547494507	0.9049521442640116	-2.9600654183466024	0.0030757372322974	0.0059852183979841
hsa-mir-142	197.52504346366445	-1.472858321322758	0.6029974531289449	-2.442561429870256	0.0145834474615029	0.024019795818946
hsa-mir-143	13199.459977574876	-3.001477290538765	0.3350013330348816	-8.959598050991156	3.258640831740232e-19	4.43879724107318e-18
hsa-mir-144	488.9610372728176	-2.2965233929423787	0.8268451550764481	-2.777452802187669	0.005478679629943	0.010040925576332
hsa-mir-1468	10.90951909614564	-1.3415100633098045	0.3518414983114921	-3.812825007134717	0.0001373873891532	0.0003479560006695
hsa-mir-146a	68.01897519441147	2.3504721254180128	0.4325385559809638	5.434133195565247	5.5063439870224483e-08	2.1851947791018217e-07
hsa-mir-146b	2880.343319038483	2.5103716096588498	0.3275320954912625	7.664505690331098	1.7952124885650378e-14	1.3708895367223925e-13
hsa-mir-151a	2742.7744218349912	-1.1850104116707243	0.3764548847319034	-3.147815209024696	0.0016449564678547	0.0033429760475757
hsa-mir-151b	8.253248637712412	-1.4950511491248637	0.5371187869141623	-2.783464636778363	0.0053781724994122	0.0098926968602327
hsa-mir-153-1	33.946974724058784	-3.4952196136669915	0.4823550893814096	-7.246154732500891	4.2877025518143744e-13	2.9202730893438435e-12
hsa-mir-153-2	182.36545998149555	-5.440714183124692	0.3719144640522488	-14.628939471309042	1.8362711398414545e-48	9.25480654480093e-47
hsa-mir-154	58.25755655855936	-1.045117629834182	0.4770414170722056	-2.190832058667962	0.0284639477699124	0.0440056125031775
hsa-mir-155	549.4637167497433	4.899828999504185	0.6305051770682077	7.771274809015761	7.770011775240047e-15	6.419813007739319e-14
hsa-mir-15b	926.3646798370008	3.401464960834136	0.3904611826256037	8.711403622663441	3.001349113110317e-18	3.4379089841081815e-17
hsa-mir-16-1	1471.9616098585243	2.996724517980701	0.3412694167845074	8.781110672665301	1.6186817266426503e-18	1.9897941225070625e-17
hsa-mir-16-2	1660.6700604350922	3.129603346716158	0.3491635916627292	8.963143413128721	3.155517614241293e-19	4.4177246599378095e-18
hsa-mir-181a-1	5398.943946935217	-1.000277719178799	0.3792548315311064	-2.637481809105856	0.0083524105156229	0.0145159134478412
hsa-mir-181c	481.3341408696097	-1.209360636775822	0.3916940320352775	-3.0875135638188693	0.002018385603764	0.0039892797815572
hsa-mir-183	1325.762554368284	2.721185591361744	0.8381491026186366	3.2466605080885014	0.0011676758474982	0.0024218462022184
hsa-mir-184	24.040899563774136	-4.28602313150226	0.7041378086568364	-6.08690952084788	1.1511097779616872e-09	5.632614835851362e-09
hsa-mir-187	13.288785568614244	-1.839310901237562	0.7730649542029925	-2.379244966723188	0.0173481428901367	0.0280239231302209
hsa-mir-18a	23.33490909046706	1.891973627161301	0.431940417829637	4.380172702216352	1.1858528589314662e-05	3.515704946479171e-05
hsa-mir-1908	1.8945420676066465	3.255729839372677	1.3926164301229873	2.3378510901850773	0.0193949742237524	0.030933756356871
hsa-mir-190b	3.131617269247742	3.9893564011017495	1.3833893088286304	2.883755408287558	0.0039296383937607	0.0074737273602091
hsa-mir-191	3343.9080035912334	2.757530772058174	0.1852684879086578	14.883970842454916	4.188824974545702e-50	2.3457419857455928e-48
hsa-mir-1911	0.884446571973094	-3.746777695402477	1.4371134490167017	-2.6071551261078856	0.0091297988252402	0.0157582829038393
hsa-mir-1912	6.605676315786528	-5.93507495092585	1.0615334505506593	-5.591039027406148	2.257148358321696e-08	9.480023104951125e-08
hsa-mir-192	261.9511651338372	-2.092935355531294	0.3252948188557013	-6.433964619829088	1.2431780844841362e-10	6.73722316752693e-10
hsa-mir-194-1	45.76932594352832	-2.4994227153117645	0.3372799007082551	-7.410529681914692	1.2579596167567044e-13	9.057309240648272e-13
hsa-mir-195	663.5258694609263	4.4998570119956005	0.3735225314805338	12.047083195114055	2.0093513571956196e-33	5.330068863297853e-32
hsa-mir-196a-1	86.4491037124034	9.39792725465098	1.6544393564795876	5.680430181888586	1.3435638862970836e-08	5.7386118533366965e-08
hsa-mir-196a-2	160.53477176066397	10.291017773625075	1.6537008502267307	6.2230226054574045	4.876670832978467e-10	2.457842099821148e-09
hsa-mir-196b	75.00917891817191	5.235031411783199	0.9965808643162712	5.252992104534156	1.4964795389498142e-07	5.757447997180965e-07
hsa-mir-197	765.7304207657327	-2.588433807591122	0.4510467528403988	-5.738726177033427	9.539130619697088e-09	4.254621090555161e-08
hsa-mir-1976	6.746830469598336	-4.107280411775077	0.8370079213211334	-4.907098615377672	9.24335636320396e-07	3.2128631772791693e-06
hsa-mir-199a-1	129.0977366188284	2.1406052342096897	0.505665168567692	4.233246359983629	2.303419379760633e-05	6.558889081352311e-05
hsa-mir-199a-2	238.6250643360848	2.387578685831353	0.5100493536275212	4.68107383893472	2.853761207526521e-06	9.21984390123953e-06
hsa-mir-199b	376.9311010574802	2.8457318909746263	0.4842316821278737	5.876798226975859	4.182775204842269e-09	1.9702043955518724e-08
hsa-mir-19a	56.936468588209735	1.5971643736073518	0.3560311107199051	4.486024747606577	7.25643167200385e-06	2.2031575678855063e-05
hsa-mir-19b-1	155.97358771875054	1.9113476335402464	0.3790633438244246	5.042290858979888	4.5999138476264763e-07	1.692231079710762e-06
hsa-mir-19b-2	156.8369727177662	2.147731732868315	0.3433523870461624	6.2551821798738825	3.970521419663036e-10	2.021356359101182e-09
hsa-mir-200b	47.372055090786304	3.625293771860822	0.5169350557388015	7.013054602535258	2.331703974172113e-12	1.468973503728431e-11
hsa-mir-200c	30.67900150804436	1.1492276404008126	0.3057639622299863	3.7585450947826167	0.0001709042396113	0.0004222340037455
hsa-mir-203a	301.8214721652324	-4.89603103056816	0.7932755119738505	-6.171917520037543	6.746669576142471e-10	3.3336484964468683e-09
hsa-mir-203b	18.58998696056465	-6.42668723734653	0.9253085061161774	-6.945453537784322	3.772463726844986e-12	2.347310763370213e-11
hsa-mir-204	891.9349267254464	2.652137063782943	0.5079049480263639	5.221719288399762	1.7726954646495893e-07	6.768473592298432e-07
hsa-mir-205	6.70152703784468	3.1460453234297723	0.7458227370537551	4.218221257047867	2.462371319181536e-05	6.933157233896614e-05
hsa-mir-20a	788.6600381604459	2.4865751151744155	0.3738555774855425	6.6511649549232015	2.9078215718625592e-11	1.6104857936469555e-10
hsa-mir-21	79134.17347790963	3.397928138297748	0.6134578754138711	5.538975493639765	3.042462098028653e-08	1.2568859814806896e-07
hsa-mir-210	104.22036809315244	-2.290291965299028	0.5146522316367697	-4.450173970906758	8.580075649840597e-06	2.5894360045027907e-05
hsa-mir-211	5.308869809283987	-2.9353099717109883	0.8658020981577342	-3.3902781916985205	0.0006982173094665	0.0015420074173014
hsa-mir-2115	6.5519109667671165	3.122145106948231	0.8008512444298878	3.898533127922942	9.677716239051656e-05	0.0002488555604327
hsa-mir-214	18.54368069590218	5.464709638144697	1.1239540915191564	4.862039899475341	1.1618219619314988e-06	3.983389583765138e-06
hsa-mir-215	1.6781148663661791	-2.0359821359322656	0.754064366292274	-2.700011069271403	0.0069337169052173	0.012392174894431
hsa-mir-216b	11.798829829968874	4.370520748317978	1.229555522932032	3.554553386817306	0.0003786216353174	0.0008753454321101
hsa-mir-218-1	200.04593216343952	-3.2073676950667207	0.7481193939472236	-4.287240407101364	1.8090647580709764e-05	5.210106503244412e-05
hsa-mir-218-2	197.7595965397456	-3.301646468096884	0.7722264066554957	-4.275490244365354	1.9071715275119564e-05	5.461445737875148e-05
hsa-mir-219a-1	87.04303859825646	-5.227288694461794	0.6784320574080163	-7.704955326599562	1.30889071376265e-14	1.0148937226713472e-13
hsa-mir-219a-2	8406.222121946448	-4.159845173458944	1.0435704285938443	-3.9861662035250593	6.714948329352971e-05	0.000180017763723
hsa-mir-22	37239.2700549446	-7.550708973387961	0.3591446050432862	-21.024147007520565	3.944206196871934e-98	1.9878799232234547e-95
hsa-mir-221	1624.6974072036817	2.3466343486911176	0.2679406072271201	8.758039227335148	1.986760333442357e-18	2.3841124001308285e-17
hsa-mir-222	1039.2588739205537	3.9712405323120334	0.5289749353295873	7.507426660655823	6.030094617106841e-14	4.469364245620365e-13
hsa-mir-224	240.6968332298489	9.196156693981411	1.36458432813562	6.739163351337747	1.5930122932521133e-11	9.123615861353011e-11
hsa-mir-2355	32.66125617365707	-1.9972386833437552	0.3896392352476334	-5.125866449446293	2.961724990388108e-07	1.1139622351907511e-06
hsa-mir-23a	5538.086176762677	3.959667210321277	0.3992217670398196	9.9184652171692	3.4603599162863857e-23	6.0138668889942695e-22
hsa-mir-25	2613.69305132594	-1.376811592285975	0.4020829722755882	-3.424197708482682	0.0006166174302684	0.0013799653519906
hsa-mir-2682	3.159607959274389	-2.461065480392924	0.7614973968800821	-3.231876419375973	0.0012298022960717	0.0025402473656564
hsa-mir-26a-1	16554.621809457654	3.9243283567216234	0.2624601616758762	14.952091516151508	1.5093328472670878e-50	9.508796937782654e-49
hsa-mir-26a-2	17158.975410820778	3.962345395064016	0.2626696634449291	15.084899196571111	2.035853257152557e-51	1.7101167360081482e-49
hsa-mir-26b	5286.880153967118	3.321365701544737	0.4070057576948019	8.160488245562616	3.336730354276946e-16	3.1730416953878885e-15
hsa-mir-27a	833.1542326491492	2.575699587155744	0.5029693505225918	5.120987162497192	3.03940339759308e-07	1.134710601768083e-06
hsa-mir-28	859.8743230783098	-1.0732877079832	0.3167782334572675	-3.388135909053813	0.00070369386107	0.0015420074173014
hsa-mir-296	14.0366331001007	1.4816373057657708	0.5828474284308128	2.54206715770326	0.0110198997479794	0.0187004359359652
hsa-mir-29a	10309.386013259807	-2.2654045719883995	0.2897999723452065	-7.817131774222098	5.404052441622352e-15	4.6163431026740097e-14
hsa-mir-29b-1	555.1000481818814	-4.61129033454712	0.2214434895972977	-20.823779208559728	2.6355681577416565e-96	4.6559654592941693e-94
hsa-mir-29b-2	591.1672662105964	-4.487254167308173	0.4036215998789669	-11.117477777833878	1.0314684646876971e-28	2.079440424810398e-27
hsa-mir-29c	2111.7784086976017	-4.433858367707964	0.3432430106411779	-12.917548880093776	3.58376951950059e-38	1.1288873986426858e-36
hsa-mir-3065	86.98884279756165	-1.5962661455115126	0.4999088194548384	-3.193114590881345	0.0014074708145404	0.0028953685327689
hsa-mir-30a	19386.77599983345	-1.1013760671408592	0.279731178471302	-3.93726603219473	8.241522273751713e-05	0.0002152190272523
hsa-mir-30c-1	1314.692489697448	1.3729945289584242	0.1851777188370298	7.4144693950289	1.2211270306042124e-13	8.919536571369899e-13
hsa-mir-30c-2	1400.5899623983398	1.187107126739196	0.1861882942087362	6.375841895883782	1.819605682387179e-10	9.552929832532686e-10
hsa-mir-30e	7138.834542782254	-2.797284970051084	0.2468164431095144	-11.33346277423626	8.959131334664474e-30	2.052455542123134e-28
hsa-mir-31	50.76049505793321	3.490694581954072	0.7484705206764038	4.663770296256264	3.1046792452404037e-06	9.966613628032888e-06
hsa-mir-3117	1.8111921599077692	-2.064237515030332	0.908871576111315	-2.271209232730491	0.0231343147787562	0.036098125846728
hsa-mir-3127	5.105038457077476	-4.185846103881512	0.7168552492484103	-5.839178981070696	5.245869046163944e-09	2.4405900172809903e-08
hsa-mir-3144	2.8709991601148577	4.476108053844484	1.924991182586797	2.325261587863225	0.0200579769212555	0.0317900011582163
hsa-mir-3200	106.73599908532528	-3.9041438564659567	0.5038629226634861	-7.748424583075364	9.303960091259752e-15	7.443168073007802e-14
hsa-mir-320a	2740.8386808898654	2.2890083110759427	0.6057947392694073	3.778521275764961	0.0001577623757712	0.0003955832705904
hsa-mir-320b-1	35.10735948038532	4.591220849416338	0.8863231663863955	5.180075421175193	2.2179620552918305e-07	8.404908841105883e-07
hsa-mir-320b-2	60.27257752075843	5.105235897100983	0.8961218906480922	5.697032904093863	1.2191040643289271e-08	5.2967969691532695e-08
hsa-mir-320c-2	2.362713277463904	3.528669146099062	1.430857700671702	2.466121644690847	0.0136584940236685	0.0226443453550295
hsa-mir-320d-1	1.76096421530141	3.0563841552307003	1.4019738509066717	2.1800578899913883	0.0292531706796308	0.0448133678496473
hsa-mir-323b	96.6088976860308	-1.7911106039558906	0.701701366201837	-2.55252546200786	0.0106945092387016	0.0182607138796387
hsa-mir-324	79.68935482214457	-1.2655219637592967	0.2099255268144666	-6.02843295411983	1.655570508220702e-09	8.023149385992632e-09
hsa-mir-326	9.94135177781422	-5.359231939932667	0.7504438707829079	-7.141416098637192	9.237425340660505e-13	6.125871541701177e-12
hsa-mir-328	390.3059980171786	-1.9614368666425277	0.3488853476728376	-5.6220098657792805	1.8874848272464463e-08	7.994053385984948e-08
hsa-mir-330	184.99024017393927	-2.324516024654373	0.4680789139876218	-4.966077204485746	6.832076519184478e-07	2.4421039472829623e-06
hsa-mir-335	695.2172782247214	2.028319061438814	0.5427079515724621	3.737404354518645	0.0001859297824124	0.0004505221650762
hsa-mir-337	33.34876630738496	-1.639926711221733	0.401128716373146	-4.088280505193768	4.345824717583472e-05	0.0001190378074816
hsa-mir-338	16186.241331622949	-8.109649070227858	0.7675579944621291	-10.565519646382867	4.305772921427549e-26	8.346575201536478e-25
hsa-mir-339	151.70225786092743	2.120993418672545	0.3900327568058382	5.437987916815906	5.388562797361881e-08	2.1554251189447525e-07
hsa-mir-33a	39.115976485248176	-3.599033286078636	0.4882596572030812	-7.371146137067996	1.691672776984604e-13	1.2008494078876629e-12
hsa-mir-33b	3.92775847101782	-3.0685868506206795	0.9212079624285112	-3.331046816542049	0.0008652004998709	0.0018635087689528
hsa-mir-340	856.7528450602936	2.169459260001681	0.2687141965758387	8.073482114628053	6.832118857580846e-16	6.260705280401357e-15
hsa-mir-345	25.98130353681762	1.2036443114253828	0.4046671360413421	2.974405886279865	0.0029355649075294	0.0057374708765324
hsa-mir-346	18.18147725265896	-1.9880618120204567	0.4335119761544738	-4.585944383026799	4.519389067072631e-06	1.4147652731705627e-05
hsa-mir-34a	560.9013144296609	2.7544643443259056	0.4040847763256734	6.816550649029986	9.325236005614957e-12	5.4650220311976006e-11
hsa-mir-3605	9.453133069601972	1.7253963982091516	0.439402349123588	3.9266890622013033	8.612320034875773e-05	0.0002225953485937
hsa-mir-3609	5.809463011299005	5.492772207371599	1.7360267674499494	3.1639905042708154	0.001556218728365	0.0031754422635465
hsa-mir-3613	60.22742398268296	2.802407217361007	0.3582266154567173	7.823001129572985	5.1578641798533135e-15	4.4820061149070175e-14
hsa-mir-362	73.97746492687146	3.0113687112689043	0.3717835204696363	8.09979072624023	5.505380992966783e-16	5.138355593435663e-15
hsa-mir-363	211.05729251156745	2.176284134700313	0.3464187991395844	6.282234509517513	3.3374089984262264e-10	1.716381770619202e-09
hsa-mir-3677	1.2901704507670222	-4.308769355486076	1.2987098030554636	-3.3177306780536124	0.0009075194355073	0.0019299147489269
hsa-mir-3678	0.9698749304866096	-3.875944745936169	1.3190031050594522	-2.938541032290797	0.003297610044366	0.006367798706362
hsa-mir-369	253.7123547901379	1.5916706628017891	0.4493511797447775	3.5421530743634104	0.0003968750931528	0.0009133563787626
hsa-mir-370	137.63045664262924	-2.283673587415875	0.5491637543393161	-4.15845650659028	3.204052215852268e-05	8.921780755743333e-05
hsa-mir-374a	393.44009348973646	-1.7140596247961233	0.2907677421426615	-5.894944233377654	3.7480794146599065e-09	1.7821056839515023e-08
hsa-mir-374b	287.45340381373245	1.4574700114658934	0.2989914710703407	4.874620691514672	1.0901771901076018e-06	3.7633513959878846e-06
hsa-mir-374c	6.044440730301485	5.5362858246113404	1.5389294060330867	3.5974917386771352	0.0003213006977083	0.0007497016279861
hsa-mir-375	53.55050768148609	-4.7921276112763165	0.7364919550958162	-6.506693763753155	7.682279452749729e-11	4.2085530915063743e-10
hsa-mir-376a-2	18.85023812380937	2.670095292235156	0.7142714148051447	3.738208245339856	0.0001853364055158	0.0004505221650762
hsa-mir-376c	62.72941648978107	2.060677157020071	0.5146026341665907	4.004404603092207	6.217387415977349e-05	0.0001675702276819
hsa-mir-377	20.118319168122696	-2.524505383094057	0.4539780750494341	-5.560853093663524	2.6845910984015263e-08	1.1182098459457597e-07
hsa-mir-378c	2.290032568684383	-1.841961044471908	0.6516989712783904	-2.826398576107413	0.0047074649024489	0.0088860011641732
hsa-mir-379	4828.149960804415	-5.978456684925036	0.5344864955876955	-11.185421398442283	4.80616831745576e-29	1.0092953466657096e-27
hsa-mir-380	40.195396803378536	-1.601095184855824	0.5090313501271225	-3.145376378991148	0.0016587327994335	0.0033574350639136
hsa-mir-381	165.40040297865565	-4.15352255537979	0.42658452305492	-9.736693037138272	2.1028635712168423e-22	3.532810799644296e-21
hsa-mir-383	128.59330848070482	-3.243951043813534	1.071467054075983	-3.027578898924772	0.0024652135045634	0.0048533890871093
hsa-mir-3909	2.6599443671817418	2.543643693231985	0.9357114824457252	2.7184059840577257	0.0065597294917892	0.0117654934657002
hsa-mir-3943	4.1674265726677735	-4.936986242464275	0.9948614780787118	-4.962486086001281	6.95965536678956e-07	2.470187538635168e-06
hsa-mir-410	270.7746488652752	-4.440228241352743	0.5706306541039802	-7.781264832897754	7.180300444674923e-15	6.031452373526935e-14
hsa-mir-412	74.3569242426656	-2.3774840993771376	0.632055561264193	-3.761511242179186	0.0001688898287694	0.0004193126783242
hsa-mir-421	80.54067673119582	2.924678869911571	0.3176008433470669	9.208662165659142	3.302147232435197e-20	5.200881891085435e-19
hsa-mir-423	1921.495423463602	4.037214227645585	0.3419623257759566	11.806020497973352	3.633556201696736e-32	9.156561628275774e-31
hsa-mir-424	133.06286400237528	2.6162486075858284	0.4960240259055963	5.274439283075686	1.3316259501493488e-07	5.191427209744377e-07
hsa-mir-429	5.108844695489806	3.509832283364221	0.9818502523061908	3.5747124117147724	0.0003506130702107	0.000814327130812
hsa-mir-431	349.6647354361888	-4.107639345948533	0.4917446786598122	-8.353195314982122	6.644065048857752e-17	6.833895478825118e-16
hsa-mir-432	129.1745278965078	-1.7074478437235605	0.5161323689904487	-3.3081588102356703	0.0009391153849388	0.0019803939498292
hsa-mir-433	121.61294141497744	-2.139920779619918	0.4444242455310987	-4.815040585966808	1.4716997558340925e-06	4.912163423446242e-06
hsa-mir-4421	2.013508090785814	3.99187558486019	1.704534235308818	2.3419157574954568	0.0191850447393958	0.0306960715830334
hsa-mir-4443	29.25885651486585	5.713515331029488	1.2061172664195297	4.737114284078351	2.167829281002553e-06	7.094714010553809e-06
hsa-mir-4446	0.8994675445317195	-2.8573890616687807	1.135113180311781	-2.517272384137009	0.0118267358372991	0.0200022646375797
hsa-mir-448	2.3992153370888354	-3.4117998159466625	1.087776855253618	-3.1364887012154647	0.0017098402500834	0.003433304725267
hsa-mir-449a	1.7514606435520128	2.465409539132757	1.101022505366304	2.239199950152272	0.0251429090961664	0.0389908497983626
hsa-mir-4501	1.4665759067193835	-4.070501464367281	1.2010221755828567	-3.3891975911201344	0.0007009747969366	0.0015420074173014
hsa-mir-450a-1	81.99226197241632	5.733482490791218	0.6617742741293574	8.663803829990663	4.562782692603789e-18	5.1103166157162434e-17
hsa-mir-450a-2	85.39275488375675	5.665913542928188	0.6443233632009312	8.79358698834157	1.448593554163833e-18	1.8252278782464292e-17
hsa-mir-450b	162.45734654328874	4.951593952376357	0.5539883090017441	8.938083840250803	3.959766136110812e-19	5.1172362374355116e-18
hsa-mir-452	61.96535398130838	3.4418675722713004	0.9228391862425416	3.7296504348556176	0.0001917456002311	0.0004623913039067
hsa-mir-4521	21.377459164544817	4.919682868119623	0.979270738164368	5.023823010724811	5.065291986157046e-07	1.836623856851188e-06
hsa-mir-4525	1.1201298271701732	-2.837463852655216	1.0732291706041166	-2.643856438469724	0.0081967413099391	0.014294663045707
hsa-mir-454	203.9143881249261	4.72394187759557	0.3435635665835624	13.749833617606832	5.1046784745096654e-43	2.1439649592940596e-41
hsa-mir-455	298.2100650270473	2.134513948389174	0.4047685611752912	5.273418326243944	1.3390586056880338e-07	5.191427209744377e-07
hsa-mir-4636	6.927791215337312	4.014636849009884	0.8832602532927027	4.545247942544378	5.487062465813914e-06	1.7056653179106974e-05
hsa-mir-4661	0.957554230762431	-2.877654634075892	1.21564357509378	-2.367186149816896	0.0179239150547058	0.0288615117813793
hsa-mir-4662a	8.639189819448005	-2.1474121964350297	0.4670516478582951	-4.597804560335393	4.26966222637245e-06	1.3449436013073215e-05
hsa-mir-4677	6.428681955885784	-1.119527134412065	0.4703161013923101	-2.3803716927782173	0.0172951829140102	0.0280239231302209
hsa-mir-4787	4.968282762581031	-2.350224334947264	0.5566529876260697	-4.222063632443883	2.4207574255103864e-05	6.854279452006936e-05
hsa-mir-484	248.23011806192264	1.4638779670594568	0.2970327330802789	4.928338879957096	8.293168351897378e-07	2.9026089231640824e-06
hsa-mir-487b	471.9006916349428	1.4552561718830896	0.6053331363493134	2.404058334984853	0.0162141856814192	0.0264464387813439
hsa-mir-488	48.40282506220347	-1.1989224739780668	0.3018529071977395	-3.971876517964658	7.130868272957878e-05	0.0001891556636616
hsa-mir-490	36.66077234931542	-5.69841997410151	1.1812827766765888	-4.823925385700956	1.407600925929909e-06	4.736257930155496e-06
hsa-mir-491	24.15890049123662	-4.706256522073516	0.6248138382064761	-7.53225398397512	4.9871830092364194e-14	3.75155259202262e-13
hsa-mir-493	60.916399058730576	4.079617562160686	0.4988999736457222	8.177225451324025	2.904542538473371e-16	2.8151719988280367e-15
hsa-mir-494	73.90099308888895	3.749553545841855	0.5850742873257045	6.408679422540609	1.4678546734556178e-10	7.787355320227699e-10
hsa-mir-496	21.07755131593327	-3.3550359965805523	0.4220181779194178	-7.949979816322458	1.8654190515430384e-15	1.6788771463887346e-14
hsa-mir-497	74.50087231385947	2.5460161469616547	0.3789524783554722	6.718563124354056	1.8352523749503958e-11	1.039288985365168e-10
hsa-mir-4999	0.8593814051313232	-2.688799306703032	1.159702949711625	-2.3185241594596584	0.0204208515077845	0.0322636650781298
hsa-mir-499a	8.014634640423527	2.01701685861407	0.572421890649911	3.5236543038632018	0.0004256391809658	0.0009706884488993
hsa-mir-500a	118.55087521388612	-1.0394069268346624	0.2401484335710849	-4.328185328458508	1.5034293882263552e-05	4.405397742244669e-05
hsa-mir-500b	11.406602528046422	1.800888780987733	0.4074418097002373	4.419990138745655	9.87054053330798e-06	2.9611621599923943e-05
hsa-mir-5010	3.48122352234658	-1.9899638250414595	0.5431018618542321	-3.6640710791294673	0.0002482378478103	0.0005855791914983
hsa-mir-502	40.90708684050373	3.609383905549517	0.3974252007716305	9.081920065817744	1.0667610406682509e-19	1.5361358985622813e-18
hsa-mir-503	62.77039678370724	3.687946268439882	0.5944228463589681	6.204247180319101	5.495934704464801e-10	2.7425258327230284e-09
hsa-mir-504	8.528372879665644	-1.9147717132421385	0.4628095837806381	-4.13727757666682	3.51450855114109e-05	9.679302239208248e-05
hsa-mir-505	139.83261840511176	2.772208634648379	0.3920378368768044	7.071278264193488	1.5351295115546788e-12	9.91929838235331e-12
hsa-mir-508	9.653704682928971	-3.679008406820656	0.7846434759899251	-4.688764412625913	2.7485959909352784e-06	8.937370189879872e-06
hsa-mir-517a	2.032980826414506	3.275978410186765	1.3157054768295762	2.489902541168113	0.0127778128461936	0.0213954075564172
hsa-mir-517b	2.032980826414506	3.275978410186765	1.3157054768295762	2.489902541168113	0.0127778128461936	0.0213954075564172
hsa-mir-5187	1.3680136275365788	-3.96835438354827	1.1767439272541378	-3.3723177079045485	0.0007453841086199	0.001619282718726
hsa-mir-519a-1	1.9134593915511413	-4.494217699023047	1.139348448084315	-3.944550682962322	7.994974348046018e-05	0.0002098680766362
hsa-mir-539	66.1137224368343	-3.569563127416587	0.4604016724463882	-7.753149784294598	8.964077865651508e-15	7.286927813368322e-14
hsa-mir-541	12.423210926596076	-4.328614034936578	0.545893395562733	-7.9294127207280765	2.201846428413798e-15	1.9468957893343055e-14
hsa-mir-543	246.3566983708599	3.4252267850044085	0.5326140531573459	6.430973356222205	1.2678938643002287e-10	6.798069229865055e-10
hsa-mir-548b	0.945327169728324	-2.997665442250433	1.111020926597193	-2.698117893631047	0.0069732740361414	0.0124188343258491
hsa-mir-548e	2.296297920887829	3.525714712019564	1.293251098271733	2.726241421121728	0.0064060124051414	0.0115308223292545
hsa-mir-548k	5.425108510991905	4.781365136914777	1.2700983358468845	3.764562949156711	0.000166840635804	0.0004162756457686
hsa-mir-548v	2.5692796571550547	-3.1464694652671854	0.9504978302882378	-3.3103383984716945	0.000931832415203	0.0019732921733711
hsa-mir-550a-1	4.392162248390552	1.7300694177633449	0.6153424070687716	2.8115556442869853	0.0049302562114147	0.0092373573626506
hsa-mir-550a-2	4.438150254658031	1.730691172401506	0.6147157928025919	2.815433071128685	0.0048711542118942	0.0091606780701295
hsa-mir-552	3.1190830039136204	-2.8457114827597856	0.682663760100704	-4.168540428072521	3.065563922339641e-05	8.583578982550993e-05
hsa-mir-556	2.932517356578429	3.244259134864027	1.1564691770358078	2.805313967104179	0.0050267589129274	0.0093486586424923
hsa-mir-5584	1.7953736569647627	-3.636714272082704	1.3139789292433293	-2.7677112555959704	0.0056451445683336	0.0102713099727081
hsa-mir-5586	15.03310020214152	-5.070723070994592	0.588327045062096	-8.618884876284064	6.7609286487729575e-18	7.407626171699065e-17
hsa-mir-5682	0.8412357632454304	-3.2321378461061645	1.22922047278699	-2.6294207732954487	0.0085530458903633	0.014813522779186
hsa-mir-5683	17.480011183911998	-6.943486081040016	1.1012085178006374	-6.305332703844072	2.87575478332684e-10	1.494206609068791e-09
hsa-mir-577	61.48158630106644	-5.499081994098505	1.1911639190986008	-4.616561923954069	3.901496424686184e-06	1.236700753485432e-05
hsa-mir-579	1.7855253580592447	3.0884758968975343	1.3177506508094592	2.343748337365924	0.0190910481693637	0.0306429562973226
hsa-mir-582	416.2325029511376	-5.106517796703115	0.3908545777188338	-13.065007007226493	5.217982266958272e-39	1.7532420416979793e-37
hsa-mir-584	1027.1043201307264	-5.246783874073363	0.7559824905825151	-6.940351052351097	3.911267688690744e-12	2.403998676951384e-11
hsa-mir-590	41.59854029362425	1.5352175567641106	0.4012590252902096	3.8260013108833335	0.0001302415959232	0.0003315240623501
hsa-mir-598	403.0884176740173	-1.5920861596653375	0.2974565484163962	-5.35233185532916	8.682797312562754e-08	3.418851441821584e-07
hsa-mir-6132	0.9161934844734968	-3.3753676527235603	1.219356483207674	-2.76815492368911	0.0056374650359901	0.0102713099727081
hsa-mir-615	25.852881069556204	7.654733324623763	1.5835571558051142	4.833885090009229	1.3389389247810048e-06	4.559629851956935e-06
hsa-mir-618	3.718758992184444	2.574345945171604	0.9349373431449596	2.7534956904298755	0.0058962546484333	0.0106896127439223
hsa-mir-625	275.2925489471346	-6.141261536900767	0.5454308057089651	-11.259469528711708	2.0800702453657334e-29	4.5580669724536065e-28
hsa-mir-628	98.45439841759494	-1.919166287802221	0.3500106355464015	-5.483165632399173	4.177815218035527e-08	1.711885260073094e-07
hsa-mir-629	74.59536012953093	1.29919442400259	0.3387045865736373	3.835774523000544	0.0001251692043263	0.0003202298425404
hsa-mir-641	5.331280677789301	4.1614865259924	1.058089264630364	3.9330202706916095	8.38851606846368e-05	0.0002179284586858
hsa-mir-651	6.297274348237247	1.3862227623858123	0.4868307434484335	2.84744293790198	0.0044071994388456	0.0083504831472865
hsa-mir-6511b-1	8.710063177472852	-3.028922867684238	0.4471275206043271	-6.7741812527898455	1.2511274149776136e-11	7.247910541939278e-11
hsa-mir-6511b-2	8.512892465633156	-3.18175646985701	0.4754547593701146	-6.692027805278932	2.2009903074148556e-11	1.2325545721523188e-10
hsa-mir-659	1.4879349773030757	-3.2477942883032465	0.9579740023546808	-3.3902739326121942	0.0006982281580303	0.0015420074173014
hsa-mir-660	194.75133303250436	3.0778493342277446	0.2549539546968677	12.072177259957437	1.4816164164416077e-33	4.1485259660365016e-32
hsa-mir-664a	112.18764032026525	1.138615043355415	0.2639455328348779	4.31382577733461	1.6045341008125485e-05	4.671070079272433e-05
hsa-mir-671	42.1191128961927	1.941180099396027	0.3552592948744191	5.464121917154107	4.6520374341953027e-08	1.890828118414865e-07
hsa-mir-6718	1.6169525378781278	-2.99642599087508	0.9015671221295276	-3.323575047631989	0.000888715066985	0.0019060101862146
hsa-mir-6720	3.1885077642063098	-1.9031470373342876	0.6465788017085212	-2.9434108144365507	0.0032461733921739	0.0062925822679064
hsa-mir-6734	1.2466909056432989	-3.301999096470445	1.2325593539904374	-2.678977759391588	0.0073847298702603	0.0131052952627155
hsa-mir-675	2.391935513524428	-2.040855963650416	0.9400288296116162	-2.171056779709213	0.0299268805805577	0.0455684223945652
hsa-mir-6755	1.0585176513472545	-3.5161754719235927	1.2088730521484776	-2.908639137645137	0.0036300560400046	0.006983008565505
hsa-mir-676	1.2484173868188708	-2.034390758107512	0.8887351035597497	-2.289085634132083	0.0220743773426035	0.0347671443146005
hsa-mir-6806	1.12374389593465	-4.105637785208826	1.3065330760696656	-3.1423910044125885	0.001675740906521	0.0033782936675465
hsa-mir-6820	1.11356307693269	-2.7923524111537	1.0007005964017104	-2.790397468727768	0.0052643371031705	0.0097187761904687
hsa-mir-6837	1.7246929663472277	-3.8777816431293015	1.0584453321445113	-3.663657938074653	0.0002486387836917	0.0005855791914983
hsa-mir-6842	11.13620759447964	-3.611950875587889	0.6192205776357781	-5.833060150194843	5.4419938695605225e-09	2.493422645689548e-08
hsa-mir-6874	0.9463151567217766	-3.398379608484645	1.2356679037916751	-2.7502370159948635	0.0059552172351424	0.010757811779612
hsa-mir-6892	1.1157551699829908	-3.150795466412328	1.089788447355927	-2.891199180957433	0.0038377480360065	0.0073544677191913
hsa-mir-7-2	183.32686431231772	3.164051548808927	0.8520347236250454	3.713524180501979	0.000204392925681	0.0004905430216344
hsa-mir-7-3	160.89724995833984	3.031399710694557	0.8593519182737532	3.527541681391676	0.0004194377175845	0.0009608936802845
hsa-mir-7156	3.685923006542193	-4.33412955095928	0.870849477056819	-4.976898608938933	6.461114355099285e-07	2.3260011678357424e-06
hsa-mir-7157	0.8959668700557424	-3.3635949440582253	1.2049227862134957	-2.7915439748869044	0.0052457229035741	0.0097187761904687
hsa-mir-744	276.6898354526725	-1.5047697640146571	0.4008351250933604	-3.7540865802720615	0.000173974726333	0.0004277232296188
hsa-mir-758	343.4407520057851	-4.752462574613679	0.4657289073808685	-10.204353861864028	1.8957876115204223e-24	3.4124177007367613e-23
hsa-mir-760	9.283357867480175	-1.665936269481871	0.4834315841584395	-3.446064187928355	0.0005688152329165	0.0012855734412105
hsa-mir-766	17.84283153204918	-4.028387376418846	0.5516066203927316	-7.303007664321948	2.8140514620436133e-13	1.969836023430529e-12
hsa-mir-767	39.43125074379944	-3.860690642489327	0.8767866602088108	-4.403226939572605	1.0665249816393195e-05	3.180642548794184e-05
hsa-mir-770	8.23806557958426	-3.399895931174911	0.9275077096390372	-3.6656255207819934	0.0002467347546943	0.0005855791914983
hsa-mir-7706	4.281808267317659	4.428509906897558	1.310148994018313	3.3801574684380187	0.0007244431136253	0.0015806031570007
hsa-mir-7978	3.6102785299462576	4.829409034811519	1.807629536599471	2.6716807493069883	0.0075472414020711	0.0133467005847153
hsa-mir-873	11.284612409864296	-3.7354859991923113	1.0884902162161714	-3.431804846328957	0.0005995788454538	0.0013490524022711
hsa-mir-874	209.62053163535484	-2.790475597751004	0.5634557326143728	-4.952430929761782	7.32920747364712e-07	2.583161235467237e-06
hsa-mir-876	3.696048632717856	-3.07532000694335	0.8798693291065403	-3.495200827225301	0.0004737051799954	0.0010754387870167
hsa-mir-888	6.049551785080539	5.569312343360441	1.6881044417894298	3.299151524923921	0.0009697754941733	0.002036528537764
hsa-mir-889	214.0683230073751	-4.461002212846829	0.4904913632758883	-9.094965878813312	9.461617495386524e-20	1.4025456522572968e-18
hsa-mir-891b	2.1746952109182525	4.107508585460918	1.6610435477474264	2.472848223053026	0.0134041056275999	0.0222959380736316
hsa-mir-892a	2.218800932571308	2.892827507531744	1.1978875539099143	2.414940783122366	0.0157377680693442	0.0257527113861996
hsa-mir-92b	6434.070255771125	3.4276454793068893	0.4109846997288982	8.340080498295679	7.423997834359183e-17	7.336656683366722e-16
hsa-mir-935	185.70143570448	-4.190768381573391	0.3975205517208938	-10.542268477519633	5.515223809242501e-26	1.0295084443919335e-24
hsa-mir-940	9.328371737157836	-1.8964093247493303	0.4576228874087906	-4.144043877454242	3.412344097302574e-05	9.449568269453282e-05
hsa-mir-942	9.47107249795894	1.1402250837660977	0.430678549566173	2.647508414140101	0.0081087341819879	0.0141902848184789
hsa-mir-95	393.2487064053252	3.891277684726389	0.4516460849219454	8.61576755480763	6.947457991995377e-18	7.450040059501427e-17
hsa-mir-96	43.124559984047664	4.524386076299221	0.9379605111910472	4.823642383999765	1.4096005744510406e-06	4.736257930155496e-06
hsa-mir-98	1383.1432511967305	3.153772283428589	0.2109088277062304	14.953249315013966	1.4833140273067357e-50	9.508796937782654e-49
hsa-mir-99a	6778.584894430371	1.895447955793997	0.3336018532929904	5.68176686395472	1.3331030126331396e-08	5.7386118533366965e-08
hsa-mir-99b	22186.003796389352	-3.988957032309162	0.260459226355346	-15.315092070752778	6.062597416063758e-53	6.111098195392268e-51
